full_name,member_id,email,start_date,completion_date,gender,institution,formatted_id
SARFO WONDER,1,wondersarfo0@gmail.com,02-05-2021,02-04-2025,MALE,UENR,GHIE-000001
ING.BEN POKU,2,bpokuata@yahoo.com,03-02-2022,21-09-2026,MALE,KNUST,GHIE-000002
ING. MICHAEL FIEBOR,3,michaelmawulifiebor@gmail.com,03-02-2022,21-09-2026,MALE,KNUST,GHIE-000003
ING. DESMOND,4,desmondsam60@gmail.com,03-02-2023,21-09-2027,MALE,UMaT,GHIE-000004
JOEL SENYO,5,Ahadzijoelsenyo,03-02-2024,02-09-2028,MALE,UENR,GHIE-000005
